RelativePath,Bytes,SHA256
.gitattributes,9,8b9c3028d6467ff3be7c793141927841d70f47f52d0590677438f488ca154992
.gitignore,639,4310a140f381f34082dea6a96562127db3f0458abdee58c764e716953aa7a208
ARTIFACT_INDEX.md,19048,9418a5320de74a1f01d51c2c9379db585042c284db573d8c8ceb7d601c2ce4ff
PUBLICATION_STATUS.md,1190,0c33f89cd78bc43a30c63659869f7b032d9b5a11fbdb44018c6c4dbe544c4982
PUBLICATION_STATUS_ADDENDUM_2026-09-25.md,5660,89fe4c7b601e930124ec0f3b1fb5f8d3878eb64d9271b5f45c6e0dcfa00600a9
README.md,3755,eecdb7cbdfda644d8421c5d01b51df086639500c4f72347fbdb47d0640189b57
RESEARCH_HISTORY.md,1337,519104db1847a50a677829da20d7c28f45d8842cbff937b913a80acfa6f355d5
eaw/v0.4.8/EAW_v0.4.8_CANDIDATE.md,37473,cac4d9965f2309a99c38e29ae11791c0b1dc8d0395ab2cd2d56508911217ffe2
eaw/v0.4.8/README.md,347,f9e86c66b232d1fceee4bfd44f700ccb79daba3cf0c035473ac57957a6b9e65d
eaw/v0.4.8/p4-same-q-composition/CURRENT_STATE.md,873,73461bdf09cc962b0c850b974ba6c2c7b1b87111f9026563839cea141bdb8a03
eaw/v0.4.8/p4-same-q-composition/EGA-01.md,1043,fdbbc18e103b2a4d718c2b727869b48ee05f1d1cce1e566598267db8a4eda2e0
eaw/v0.4.8/p4-same-q-composition/MANIFEST.json,3865,2559b16b6e54750287cda765997a91ab8bbfb189d337f7293feac945711ae302
eaw/v0.4.8/p4-same-q-composition/MISSING_OR_UNRESOLVED.md,603,51720bd1153cca8854fe71883652187996440da1270988d2286078ab03ff500f
eaw/v0.4.8/p4-same-q-composition/SOURCE_PROVENANCE.md,1966,b50374161ba1ce2dde373e91abb509c22161f9fa17d9e56683ae04892e861255
experiments/prospective-diag-2arm-01/analyses/PAIRWISE_EXECUTION_005_ANALYSIS.json,63526,cd609ae6dc7b56a4b64e84ff8685a4e83161e1c925f7444bdb8b8420d9373936
experiments/prospective-diag-2arm-01/analyses/PAIRWISE_EXECUTION_005_ANALYSIS.md,4986,a3a02120525b84671b4144a3c62398434048d94f36a5bf5ba13db1f7166d7720
experiments/prospective-diag-2arm-01/analyses/TRACE_INTEGRITY_AUDIT_EXECUTION_005.json,69023,5f9df5b5873e695d527f3d26edc1161213d5849bee0a4902fcdfbee49cd6e1c8
experiments/prospective-diag-2arm-01/design/CORPUS_MANIFEST.json,148424,868f961fce9ef219af1eb292d56d7afcf5bce4b6ea6ecade22f86f128a442324
experiments/prospective-diag-2arm-01/design/FINAL_FREEZE_MANIFEST.json,2300,7e9724e5f3201b4f1ad08ff298e3bb1d8ae3d090bbd2d867e5be6cc33454a1f5
experiments/prospective-diag-2arm-01/design/PROSPECTIVE-DIAG-2ARM-01_FROZEN.md,11743,040731c7a3c82ebda77c7b026abfc80c647d171352b7de6f614689816b00e04e
experiments/prospective-diag-2arm-01/design/PROSPECTIVE-DIAG-2ARM-01_v0.2_FREEZE_MANIFEST.json,4493,e62a2d6cc7901c0592b1ef3e659ae2cf4b33f74c637c186cb55ca663b05b3394
experiments/prospective-diag-2arm-01/design/PROSPECTIVE-DIAG-2ARM-01_v0.2_PREOBS_PATCH.md,5669,53414251ac97a5317f2193f88b02c37ea0c8e364d8a6de4b63f4488f16197aa0
experiments/prospective-diag-2arm-01/design/PROSPECTIVE-DIAG-2ARM-01_v0.3_FREEZE_MANIFEST.json,5283,9c4cc0ca0380788206793b67bd2394a68a8898fede9128396bd5800d8da921b1
experiments/prospective-diag-2arm-01/design/PROSPECTIVE-DIAG-2ARM-01_v0.3_PREOBS_PATCH.md,6069,bde31549d8ab52fca15bfde6458eb7349bd1b8696fdb8d370ebfd63ce3171d53
experiments/prospective-diag-2arm-01/design/PROSPECTIVE-DIAG-2ARM-01_v0.4_FREEZE_MANIFEST.json,6007,ec0d065a7ffdde793b459680a56e412edf9d842edae1e2b064b5d6d8b9b5f5fb
experiments/prospective-diag-2arm-01/design/PROSPECTIVE-DIAG-2ARM-01_v0.4_PREOBS_PATCH.md,7153,dbabf626671e45ba747d8344fd3921a81f2fdc06c97bfae64179a704ade4f134
experiments/prospective-diag-2arm-01/design/TARGET_CONFIGURATION_MANIFEST.json,3611,c130a1a101b75076efebeee0b659e146f1107f7feaee52da0ba2aa9c2b8b9376
experiments/prospective-diag-2arm-01/executions/EXECUTION_001/EXECUTION_RECORD.json,669,4cfd5091170e80149345c2b139cba2f6ee4beda9d71dbed489dd8899a784650b
experiments/prospective-diag-2arm-01/executions/EXECUTION_002/EXECUTION_RECORD.json,669,208d940cfab9db1f2fecf8d1e657b6236bcd8b5b3ab436378d423a06fe8f5665
experiments/prospective-diag-2arm-01/executions/EXECUTION_003/CONCLUSION.txt,16,034a4f38c30dbd27310350618176a9dab29d27b6f372c641216a547b49613c8c
experiments/prospective-diag-2arm-01/executions/EXECUTION_003/CONCLUSION_RECORD.json,556,f7c361ad2febcdc141990c17e69b42ed5937461cc8ab46fe42b2fbe6e4f93753
experiments/prospective-diag-2arm-01/executions/EXECUTION_003/EXECUTION_RECORD.json,669,ad3aff53250131e64c208c65407d9514de250ea18a094f28f87107f78621c293
experiments/prospective-diag-2arm-01/executions/EXECUTION_003/LOGS.jsonl,66180,b85443fdb9cd8919e45ea4f88ee85241eaa51c9eaee1a68548adfb5a4aa58d98
experiments/prospective-diag-2arm-01/executions/EXECUTION_003/RAW.jsonl,424380,b76195856b4d237ca5b84364b3d43db3d380eca21b9d545ab98e0ccc9f6bce1f
experiments/prospective-diag-2arm-01/executions/EXECUTION_003/RESULTS.json,46860,1daf031d0adf7ad1ef2b6449538af02a893a0e73c773039d043587777e37dd9f
experiments/prospective-diag-2arm-01/executions/EXECUTION_004/CONCLUSION.txt,16,034a4f38c30dbd27310350618176a9dab29d27b6f372c641216a547b49613c8c
experiments/prospective-diag-2arm-01/executions/EXECUTION_004/CONCLUSION_RECORD.json,556,2815a24ea849f2c9515ecdb2aa114fc3f082b938de0a893855ff0d561ccb29be
experiments/prospective-diag-2arm-01/executions/EXECUTION_004/EXECUTION_RECORD.json,770,b6b88f83d55b1723b16f9245cda1e32ab837cdd597457b2977a1498d83b83690
experiments/prospective-diag-2arm-01/executions/EXECUTION_004/LOGS.jsonl,326340,bc54afb5192cdaa93f86ac4a96e0a48045e1b3708788bfb65836c702ba9ee2e3
experiments/prospective-diag-2arm-01/executions/EXECUTION_004/RAW.jsonl,171060,351cd18eab3ee6fb0c8423b41cf5519693063771fa5e861bf2a54f1a516732f6
experiments/prospective-diag-2arm-01/executions/EXECUTION_004/RESULTS.json,40152,b5c491d9c86be30cbaa8d0eef6430e2f3fc1f95e2e0e17e9446805d38db1588b
experiments/prospective-diag-2arm-01/executions/EXECUTION_005/CONCLUSION.txt,16,034a4f38c30dbd27310350618176a9dab29d27b6f372c641216a547b49613c8c
experiments/prospective-diag-2arm-01/executions/EXECUTION_005/CONCLUSION_RECORD.json,556,dd8cb34194c422a141035cd7effcd9752bca924ff7f1c2a5383b5b27716d4b45
experiments/prospective-diag-2arm-01/executions/EXECUTION_005/EXECUTION_RECORD.json,871,936623869da1e25d17e35e5316d09f1642cd3b9ba9e1e571984b5d1bcc701adf
experiments/prospective-diag-2arm-01/executions/EXECUTION_005/LOGS.jsonl,328140,35a001c3973dc4072ad4c410435ffadd9278a2c083b32283e84dd4494087fd28
experiments/prospective-diag-2arm-01/executions/EXECUTION_005/RAW.jsonl,184380,d9a1f20705ae1acfbfc4146fd8f71c6ea231cb691394f3cbd47bbdaeb7d75fdb
experiments/prospective-diag-2arm-01/executions/EXECUTION_005/RESULTS.json,48929,9ba379242b7e153c3700f83b39941c8972c8a84a3f5baf984252d2cce2491dff
experiments/prospective-diag-2arm-01/executions/EXECUTION_005_ANALYSIS.md,8506,4fc2fb95cc89e6cd4b5098ebb4920cf460c97f552657c548094792a375c5ce19
experiments/prospective-diag-2arm-01/implementation/CONCLUSION_LOGIC.py,2995,9b94ebdc6b09f55ed412ed4004e502117551d0f3bf4d8655ae729bb970c052a2
experiments/prospective-diag-2arm-01/implementation/PARSER_SCORER.py,11178,f4c8c76afe1baef4d17d0aba31fb44a2d0fca02e96ae92d1bfc982435ba828f5
experiments/prospective-diag-2arm-01/implementation/RUNNER_PREEXEC_RECORD.json,738,2dbb5a8d646bdc897fc25cf92416c47d434bb1605b61e2ff365590e3cad780ed
experiments/prospective-diag-2arm-01/implementation/RUNNER_PREEXEC_RECORD_v2.json,741,0f1d7b1948634a25eaef540e7c82bd8d50d1a9c2d6781921b68989fc2a998a35
experiments/prospective-diag-2arm-01/implementation/RUNNER_PREEXEC_RECORD_v3.json,741,d1e4f0be25c6c1965642d6e80ac9a87814937fc7514dab5cf41e6385de16e1f5
experiments/prospective-diag-2arm-01/implementation/RUNNER_PREEXEC_RECORD_v4.json,842,3dad532a60a6b23c7c002408f6d0a0c036122f0a75875714c7f33d814ceb752a
experiments/prospective-diag-2arm-01/implementation/RUNNER_PREEXEC_RECORD_v5.json,943,0890d16496e88cbcff9fd356eaae32b3b2fccf663a536f4258ee2434c0908002
experiments/prospective-magnitude-01/PROSPECTIVE-MAGNITUDE-01_EXECUTION_001_RESULT.md,4918,07a882713dac6cc98159acd420e407daad61a67aedd486f8df0d454a216ab534
experiments/prospective-magnitude-01/design/MAGNITUDE_CORPUS_GENERATION_LOG.json,28055,e268b89393cdd7c3f7cae73839e68bb4a94b3df00cf5c64ce821b8adc3fb342d
experiments/prospective-magnitude-01/design/MAGNITUDE_CORPUS_MANIFEST.json,115023,ae5995373a474450991dceac187dc38f233a4fcc1578c96c4b94fc70bcda0b50
experiments/prospective-magnitude-01/design/MAGNITUDE_EXECUTION_PLAN.json,145115,f8f62f5d976b958d6d93550dbb3bd6affe8f92111c2b1fa5ef3e0f588dd328b7
experiments/prospective-magnitude-01/design/MAGNITUDE_FINAL_FREEZE_MANIFEST.json,3586,d25558549c4644043003963c44acd06813a6d3a117c7259c961f2d96cf354215
experiments/prospective-magnitude-01/design/MAGNITUDE_RUNNER_PREEXEC_RECORD_v1.json,1242,81a615917c90f34a5a740317e3b803825b6682802b0493d5131ebe101363c8c4
experiments/prospective-magnitude-01/design/MAGNITUDE_TARGET_CONFIGURATION_MANIFEST.json,2908,c8cf2e18efeb051564ded2b411572c69f5a6efd8457f32be5c4a24a81672af25
experiments/prospective-magnitude-01/design/PROSPECTIVE-MAGNITUDE-01_v0.1_FROZEN.md,3819,9bab675eb157a51091c3c20a11304d62150e01b42c74850c46e3f8f14912c48f
experiments/prospective-magnitude-01/design/PROSPECTIVE-MAGNITUDE-01_v0.2_FREEZE_MANIFEST.json,4418,6e85cc2f8fec800bc970e2a54191660789f4fea633a12d3a253c5bca3f7df236
experiments/prospective-magnitude-01/execution_001/ANALYSIS.json,1750,bb1568a4cba34b1a72a52d7fb1a7d982336e9f27ffb60aeac17ca617a7a9da6e
experiments/prospective-magnitude-01/execution_001/EXECUTION_RECORD.json,1345,7ce6e3d87838d73dbac5b9c32cbfdaeba7244ba8cbe9114eefe76bd4ec3e7e73
experiments/prospective-magnitude-01/execution_001/LOGS.jsonl,332580,de198b1e2cc207325a89154533d1d03d6bc209a23787694df85f78fa8dabdd5c
experiments/prospective-magnitude-01/execution_001/RAW.jsonl,188820,1e4f6168e8ee4bc4f6bfa96d12d5abc85c56ab54406fd72bdb20242cf333af29
experiments/prospective-magnitude-01/execution_001/SCORES.jsonl,60360,775f859cc847e1b25eee7a22507021f5e62408e633721f34d6dcf1ae6335586b
experiments/prospective-magnitude-01/implementation/MAGNITUDE_ANALYSIS.py,3190,ffb03a70321eb8e422251348844a9dc2108b5e46e0b5607a6962d6557d9fa650
experiments/prospective-magnitude-01/implementation/MAGNITUDE_CORPUS_GENERATOR.py,4355,ce9ddb1a3f11521cb862ca5e8fc77f24f812458d9683d81b32701978316cd6f3
experiments/prospective-magnitude-01/implementation/MAGNITUDE_PAIR_ANALYSIS_ADAPTER.py,5835,a0b04f2b581786f9d85100c9415576c8fb5c134ae543b99fb3eaf1a7a7437a70
experiments/prospective-magnitude-01/implementation/MAGNITUDE_PARSER_SCORER.py,1815,2dd8bf7b1fc2c4183b35c666998dc45da56f429f0c2c8a854b0ea93ea9985712
experiments/prospective-magnitude-01/implementation/MAGNITUDE_SCORE_ADAPTER.py,6615,972d18b846e9ac95f9186da4cdc51c217830f125921d1f63c9dcd56364cd38a8
experiments/prospective-magnitude-01/implementation/PROSPECTIVE-MAGNITUDE-01_v0.2_PREOBS_IMPLEMENTATION_PATCH.md,6804,3bb2d08ce9d50b58704f2b9e3c73e7424c670e4a17f9730fe97da5b6fbe20789
experiments/prospective-magnitude-01/implementation/RUN_PROSPECTIVE_MAGNITUDE_01_v1.py,15157,caababd9a7580e42fc6f2bc9f39bc0de6438db6a96b1ebd4d60117e8f689c0a0
inventory/ADDITIONAL_LOCAL_SOURCE_REVIEW.csv,7384613,e67ed94d6fa781bcb8399facb504d0466a0a86a654fc97b5c5abf7e02dc192f8
inventory/AICOS_GITHUB_FILE_TREE.txt,5116,9cc3a4763022189cd1b144ad79e93277a60587ec9b0073d0fc63f1268f9e5175
inventory/AICOS_GITHUB_INVENTORY.csv,19310,435b071d44c89c0d8413aef58052720aede6999e131f05bf6039fea57e3a9315
inventory/GITHUB_STAGING_CLASSIFICATION.csv,40741,589b7f1dbf224a789076f51732d46a406e25b2d7f46803fcd6d47cc3f5e0f9c8
inventory/GITHUB_STAGING_CLASSIFICATION_2026-09-25.csv,44065,6f6f2e0c1ce51b0f24251f67c032013404dfc7592cb39de420c974368939dfc4
inventory/GITHUB_STAGING_HASHES.csv,31174,ab1fe957bd01b7339e73b6814a37e16565f363caa3dd036a9d7eda595aafad22
inventory/MISSING_RELEVANT_ARTIFACTS.md,4075354,93de5ed46475b321bc927bc77c9cb950821b8f37995d87acbaddf9e3438a5a5c
inventory/PRIVACY_REVIEW_FLAGS.md,1195,3b5c7dbe0a2af96c18f9b4b3d8862b8b3e31a46de492da599b1697942387260a
inventory/PUBLICATION_COPIES_MANIFEST.csv,3666,fa2f5e4712d754491024cc97f99d0206e355829280696053c215612a9da93684
inventory/PUBLICATION_EXCLUSIONS.txt,761,e6a3d36e81e22ade2ae65e71f24623bf6ed2a7e7425848f7520868cf2c56f7f8
inventory/PUBLICATION_PRIVACY_REVIEW.md,973,942427dcde1ccb775edb2712f74e2085600319a41c478d63ef950933329cf877
methodology/pre-freeze/AICOS_PRE_FREEZE_EXPERIMENT_QUALIFICATION_RULE_v0.1_FROZEN.md,6591,ecae6564343a6719c628cc4ddfb8fee89c7c48cd9cac9ff37c200b911fdd60e4
publication-copies/CHECK_V4_LINE_ENDINGS.PUBLICATION_COPY.py,1141,fb9c0f0c111de6214e2b6af92d91452d9b5501d23191a7fbdf5f040291831cac
publication-copies/RUN_PROSPECTIVE_DIAG_2ARM_01.PUBLICATION_COPY.py,17476,d7391acc888b8e0dcde4b01fd5ec946152fd27276e250704de22b0e269ae1dcc
publication-copies/RUN_PROSPECTIVE_DIAG_2ARM_01_v2.PUBLICATION_COPY.py,17505,55337fc22c17393e21bdd70bdb7e07d3d06bb288caae5962b13999f09d97e7fa
publication-copies/RUN_PROSPECTIVE_DIAG_2ARM_01_v3.PUBLICATION_COPY.py,17531,9ef73760c1d92d219f7647105bc6c839065857bc4a938affe30d1b1a61ee6561
publication-copies/RUN_PROSPECTIVE_DIAG_2ARM_01_v4.PUBLICATION_COPY.py,19966,7dc35eb411cfee8093573bdb813708fd8056fd2d018d2566937f3295d882bd0a
publication-copies/RUN_PROSPECTIVE_DIAG_2ARM_01_v5.PUBLICATION_COPY.py,20786,299cd9207d14ce363822b784c47cc1467e4bd19a1812e3ffc8da083af69a212a
publication-copies/SMOKE_CLEAN_STDOUT.PUBLICATION_COPY.py,1467,8930c10b0621d3cea1ad5f2febed40418377b2f8edd1fe3cf748e4ccb0d5a75d
research-context/R3-R3.2/STATUS_SUMMARY_2026-09-25.md,1384,18b8105e30f2d2023b2ce08200f1f4e8561b04f1b71b0db80b4adfc30d36e9e4
research-context/additional-local/measurement-assurance/LOCAL_SOURCE_PROVENANCE.md,686,e0b4039cb4720f7ad3dda49097caca5766b06bda8ae07d0959821388bb3bcd65
research-context/additional-local/measurement-assurance/diagnosticity/AICOS_DIAGNOSTICITY_CROSS_EXPERIMENT_REVIEW_v0.1.md,5405,d724a1b5fcbc31c571ca41f6f6e4032e5741cb5a107234b109ecab6899f96400
research-context/additional-local/measurement-assurance/diagnosticity/AICOS_DIAGNOSTICITY_PREFLIGHT_v0.1.md,4997,3d925e198bba7aa712ffa4855d29f69d2d255334c1b1883255390882691b34ee
research-context/additional-local/measurement-assurance/diagnosticity/AICOS_DIAGNOSTICITY_RESEARCH_NOTES_v0.1.md,2750,4e2cb71b5dcef3335bf274c8af0ccd7c3146e044a9ae118ef9ed5d40d72fd9cc
research-context/additional-local/measurement-assurance/diagnosticity/MANIFEST.json,1565,89e5525f8b2fac39637f43f26ab8878e94b10c0f603d16a6035ae11279885681
research-context/additional-local/measurement-assurance/diagnosticity/README.md,2023,16a436635cab58b1cb659a6d7d6eaca0030ad6e73bbf3dc2dc2785d971075185
research-context/additional-local/measurement-assurance/diagnosticity/addenda/AICOS_DIAGNOSTICITY_METHOD_PACK_v0.1_EVIDENCE_BASIS_ADDENDUM_01.md,9285,dd1f124bfa0e812a2a0019450b595445e13ab69d18b750397c4e98d6ad5c1301
research-context/additional-local/measurement-assurance/diagnosticity/checkpoints/2026-09-20/DIAGNOSTICITY_CHECKPOINT_FILESET_MANIFEST_v0.1.json,10691,c62edf855cc887e18849e074f18bcd2632cdd4f39c8bb54efca249439aa4e490
research-context/additional-local/measurement-assurance/diagnosticity/checkpoints/2026-09-20/DIAGNOSTICITY_CHECKPOINT_FILESET_MANIFEST_v0.1.json.sha256,118,b64b7ae97fd49bd6032c3f7ac0a2f8ad1ba75dd56b5a55b60148fb5029c16cae
research-context/additional-local/measurement-assurance/diagnosticity/checkpoints/2026-09-20/DIAGNOSTICITY_RESEARCH_CHECKPOINT_v0.1.md,5718,96778c69650b8df520fafa5397fd5b6ec7d4c2e292c6fd3c94875903e41fe814
research-context/additional-local/measurement-assurance/diagnosticity/checkpoints/2026-09-20/DIAGNOSTICITY_RESEARCH_CHECKPOINT_v0.1.md.sha256,108,8d7005a89b979b3cb7c5ff4ce0b0a15a16b5a2f42054eda993388e31a5d110fa
research-context/additional-local/measurement-assurance/diagnosticity/checkpoints/2026-09-20/F2_RESULT_PRESERVATION_AND_POSTHOC_ATTRIBUTION_BOUNDARY_v0.1.md,1813,edc9400ec0d8337e9c169820158289a845df1411ee0aab0bd1c0cd3323d88b29
research-context/additional-local/measurement-assurance/diagnosticity/checkpoints/2026-09-20/F2_RESULT_PRESERVATION_AND_POSTHOC_ATTRIBUTION_BOUNDARY_v0.1.md.sha256,130,ba96d660fe97dc0394f814ecc5720b2892dc0681e87cde146c025f97d799b4af
research-context/additional-local/measurement-assurance/diagnosticity/control-validation/historical-v3.3/blind-packet/FRIDA_BLIND_CLASSIFICATION_REQUEST.md,1177,2b2effe8a27795af1520f5f47cd2d886a72407d4214b8482eb1e3a5a308f162a
research-context/additional-local/measurement-assurance/diagnosticity/control-validation/historical-v3.3/blind-packet/SOURCE_MANIFEST.md,4209,664e388ba0dcbba4eaaf7e50efb4d983e68eab8327c80fa88472db1680266076
research-context/additional-local/measurement-assurance/diagnosticity/control-validation/historical-v3.3/blind-packet/original-subset/Forskning_och_Analyschef.md,4736,58d7885d62f6afb9ead9326080a0e52216652cc77b56da837948e99790b29f4a
research-context/additional-local/measurement-assurance/diagnosticity/control-validation/historical-v3.3/blind-packet/original-subset/Kritisk_Granskare.md,5194,4f067072e06e4a6f3f4ef240bd3ba577b05f27c7e0acbc033374a0fd2fead149
research-context/additional-local/measurement-assurance/diagnosticity/control-validation/historical-v3.3/blind-packet/original-subset/Valideringsplan_v1.md,7884,40f5c40b0fdcf700e4d61fd799ae1d293fb6d988c926e26f4d91fcaa690d1fbb
research-context/additional-local/measurement-assurance/diagnosticity/control-validation/historical-v3.3/blind-packet/original-subset/logg.md,8532,8c4ca47638a77d74d7ad417d958705b2f0051e5aae4e8fa346a819899ea32375
research-context/additional-local/measurement-assurance/diagnosticity/control-validation/historical-v3.3/internal/CASE_SELECTION_RECORD.md,5201,50dc200a9eddf8a152558d0c21e5156df9d62792d7f45d3d4779a96e2ebfceac
research-context/additional-local/measurement-assurance/diagnosticity/control-validation/historical-v3.3/results/AICOS_HIST_DIAG_CTRL_01_D1_D11_ASSESSMENT_v0.1.md,9635,5137653f3457a7d0d53fd7072d1a1007cf54950a889508265835576fab7a9d78
research-context/additional-local/measurement-assurance/diagnosticity/control-validation/historical-v3.3/results/FRIDA_BLIND_CLASSIFICATION_BASIS_ADDENDUM_v0.1.md,2282,2051906083cd657c5f72acf4be25ff77a9e9ff672ab564482d2a534f3437b88f
research-context/additional-local/measurement-assurance/diagnosticity/control-validation/historical-v3.3/results/FRIDA_BLIND_CLASSIFICATION_BASIS_ADDENDUM_v0.1.md.sha256,116,8ed61e2e4083aef47229da3c1a9097e072d7d6da01d4969fc380cfd84cd3b3d9
research-context/additional-local/measurement-assurance/diagnosticity/control-validation/historical-v3.3/results/FRIDA_BLIND_CLASSIFICATION_RESULT.md,8955,ba1dae06e1ee85ec5a8d5038d8e2eabdf7ed83ec16f8ffbdf8bb59615bdf09e2
research-context/additional-local/measurement-assurance/diagnosticity/control-validation/historical-v3.3/results/HIST_DIAG_CTRL_01_CF01_COUNTERFACTUAL_CHARACTERIZATION_v0.1.md,5162,b39cc784a8be0d5223c996efd18c9d4e6d56199ce9333b32599835316672a560
research-context/additional-local/measurement-assurance/diagnosticity/control-validation/historical-v3.3/results/HIST_DIAG_CTRL_01_CF01_COUNTERFACTUAL_CHARACTERIZATION_v0.1.md.sha256,129,4dcff3554d22c4cf243f654497d0769a33421e0ddcddf2e41297e29d332ea328
research-context/additional-local/measurement-assurance/diagnosticity/control-validation/historical-v3.3/results/HIST_DIAG_CTRL_01_D1_D11_APPLICABILITY_AUDIT_v0.1.md,13327,446cae0ea958d12714067a58a8d29eceb1f3c707b60fa406b56007bb00639859
research-context/additional-local/measurement-assurance/diagnosticity/control-validation/historical-v3.3/results/HIST_DIAG_CTRL_01_D1_D11_APPLICABILITY_AUDIT_v0.1.md.sha256,119,2c5aa9deb834f10c5c47e765d114f6100e726f94c60e1a981e30aa9c1cac342c
research-context/additional-local/measurement-assurance/diagnosticity/control-validation/historical-v3.3/results/HIST_DIAG_CTRL_01_D4_D5_D9_FAILURE_LOCALIZATION_v0.1.md,14700,f05b50b2f3a897077baec9ef5e54ac3d950f4b1bac6dbf878648796593c96b13
research-context/additional-local/measurement-assurance/diagnosticity/control-validation/historical-v3.3/results/HIST_DIAG_CTRL_01_D4_D5_D9_FAILURE_LOCALIZATION_v0.1.md.sha256,122,b78986c11e81865fb5f6ebd2eed75365f184794734c53083fbe7b93870c1ea24
research-context/additional-local/measurement-assurance/diagnosticity/control-validation/historical-v3.3/results/HIST_DIAG_CTRL_01_D9_OUTCOME_TRANSLATION_AUDIT_v0.1.md,7914,6fc63e8708834127a52f0b805561e13d451013db201e309ab4a1dc33266d8b50
research-context/additional-local/measurement-assurance/diagnosticity/control-validation/historical-v3.3/results/HIST_DIAG_CTRL_01_D9_OUTCOME_TRANSLATION_AUDIT_v0.1.md.sha256,121,23f6976fede33c95cba315f6b8cc46a851c3b2458c661a1a58b045ab9d149c8c
research-context/additional-local/measurement-assurance/diagnosticity/control-validation/historical-v3.3/results/HIST_DIAG_CTRL_01_D9_RESIDUAL_CARRIER_STOPPOINT_v0.1.md,3349,65300445e6fe1c0085d30588185001219962e637b9bb19114f26919297f3945f
research-context/additional-local/measurement-assurance/diagnosticity/control-validation/historical-v3.3/results/HIST_DIAG_CTRL_01_D9_RESIDUAL_CARRIER_STOPPOINT_v0.1.md.sha256,122,73bee2298564b4bbeea26c023ce3fe4a7650cba797d46975cf65b915ea5f4540
research-context/additional-local/measurement-assurance/diagnosticity/control-validation/historical-v3.3/results/NEW_EVIDENCE_ACQUISITION_PLAN_v0.1.md,3084,fb410079f9db09cf2f9bc31cc18106ad49912f59a3e1349e1961ad909cdf15c7
research-context/additional-local/measurement-assurance/diagnosticity/control-validation/historical-v3.3/results/NEW_EVIDENCE_ACQUISITION_PLAN_v0.1.md.sha256,104,e9f0796370691af70d0757d27a4fa225ecc69cfc4fc58855c0a1c4b75e826694
research-context/additional-local/measurement-assurance/diagnosticity/control-validation/historical-v3.3/results/STEP_2_POSITIVE_CONTROL_HIST_DIAG_CTRL_01_RESULT_v0.1.md,12507,5ac3beaac47522c9bd2fe661a20181c6c43383c8ab0aeb6bb148d6a2c74a186e
research-context/additional-local/measurement-assurance/diagnosticity/prospective/PROSPECTIVE-DIAG-PROBE-01/BLIND_PACKAGE_FREEZE_RECORD_v0.1.md,1668,0704ba81077cbbcccfc4aaef110276f51feb678500c2ebeda4727434119cf82c
research-context/additional-local/measurement-assurance/diagnosticity/prospective/PROSPECTIVE-DIAG-PROBE-01/BLIND_PACKAGE_FREEZE_RECORD_v0.1.md.sha256,102,b2701bba40ad1b94bec134391fb05bc0721d652c4a6db8ec111ff55be47b07ba
research-context/additional-local/measurement-assurance/diagnosticity/prospective/PROSPECTIVE-DIAG-PROBE-01/D9_NEW_EVIDENCE_MAPPING_PLAN_v0.1.md,2597,61306c6f10f238699b7381a0c4d4e55e26625ac995a5c6cdd2e0d0ea845392a9
research-context/additional-local/measurement-assurance/diagnosticity/prospective/PROSPECTIVE-DIAG-PROBE-01/D9_NEW_EVIDENCE_MAPPING_PLAN_v0.1.md.sha256,103,5e620b72d85adaaf2c7ffccdd1202e4aa4cfa41cf7ad2e666b270e667773c437
research-context/additional-local/measurement-assurance/diagnosticity/prospective/PROSPECTIVE-DIAG-PROBE-01/D9_NEW_EVIDENCE_MAPPING_RESULT_v0.1.md,7087,3a1dff9c7e505d1aa791dc92cfd6399b2c87994ad99e010cc41254bdd4ccb588
research-context/additional-local/measurement-assurance/diagnosticity/prospective/PROSPECTIVE-DIAG-PROBE-01/D9_NEW_EVIDENCE_MAPPING_RESULT_v0.1.md.sha256,105,ca6dc124ef40b441e7d1e80d34b4994808db03ac888a3132ec906870ea8e033a
research-context/additional-local/measurement-assurance/diagnosticity/prospective/PROSPECTIVE-DIAG-PROBE-01/FRIDA_BLIND_CLASSIFICATION_INSTRUCTION_v0.1.md,916,d508ec53775f149be0fd8e6104e8ec0f8af718ad15f7309ecfe8a9f33ee711ff
research-context/additional-local/measurement-assurance/diagnosticity/prospective/PROSPECTIVE-DIAG-PROBE-01/FRIDA_BLIND_CLASSIFICATION_INSTRUCTION_v0.1.md.sha256,113,603efb9296f5fb09ab4a3516f58a001a6f9d3ad005994d87d9fe369ede283669
research-context/additional-local/measurement-assurance/diagnosticity/prospective/PROSPECTIVE-DIAG-PROBE-01/FRIDA_BLIND_CLASSIFICATION_VERBATIM_SOURCE_v0.1.md,5157,b541eb75f68efc4b37bad9f9678ed2576fc9a23e23fd4a8fc1ebf028c51a5483
research-context/additional-local/measurement-assurance/diagnosticity/prospective/PROSPECTIVE-DIAG-PROBE-01/FRIDA_BLIND_CLASSIFICATION_VERBATIM_SOURCE_v0.1.md.sha256,117,6ed666f94ccbed45dcb4d3d0e71b306d6b6e6d74d4ccb69966e90efc08f211ce
research-context/additional-local/measurement-assurance/diagnosticity/prospective/PROSPECTIVE-DIAG-PROBE-01/FRIDA_BLIND_CLASSIFICATION_VERBATIM_SOURCE_v0.1_PROVENANCE.md,1248,20d8b21d045a2b6d81ef1dddf72148185a667017db37646bd68f46d2f44a02f5
research-context/additional-local/measurement-assurance/diagnosticity/prospective/PROSPECTIVE-DIAG-PROBE-01/FRIDA_BLIND_CLASSIFICATION_VERBATIM_SOURCE_v0.1_PROVENANCE.md.sha256,128,d415e51ed42f856f46e50d2516e655b86e67c603c2e09e5137c39ca8955da684
research-context/additional-local/measurement-assurance/diagnosticity/prospective/PROSPECTIVE-DIAG-PROBE-01/FRIDA_VERBATIM_SOURCE_PROVENANCE_HISTORY_v0.1.md,2307,667d62464b17c2221103c3395c043891fa31e813694c19d18fa70ae65a5a09dd
research-context/additional-local/measurement-assurance/diagnosticity/prospective/PROSPECTIVE-DIAG-PROBE-01/FRIDA_VERBATIM_SOURCE_PROVENANCE_HISTORY_v0.1.md.sha256,115,e5a3c2d39f540305a4c9d115de17fa816e425e63e9dab1d7f8d4fe837f705760
research-context/additional-local/measurement-assurance/diagnosticity/prospective/PROSPECTIVE-DIAG-PROBE-01/PREREGISTRATION_CLARIFICATION_01_v0.1.md,1884,c5c849164a112b2120e8db1d3040acabd3217a8c3c5787bcc9a8f11ad003fb2c
research-context/additional-local/measurement-assurance/diagnosticity/prospective/PROSPECTIVE-DIAG-PROBE-01/PREREGISTRATION_CLARIFICATION_01_v0.1.md.sha256,107,cafdc44deb43ae0fb0c64b03d4a0406d28d66e5095358fbf2bd1991eef4fd16e
research-context/additional-local/measurement-assurance/diagnosticity/prospective/PROSPECTIVE-DIAG-PROBE-01/PRE_FIXTURE_FREEZE_RECORD_v0.1.md,1374,a6ebb8d55213e96016b0742356dfea56cf209dd72ba72d36301de0bd829c4f70
research-context/additional-local/measurement-assurance/diagnosticity/prospective/PROSPECTIVE-DIAG-PROBE-01/PRE_FIXTURE_FREEZE_RECORD_v0.1.md.sha256,100,b55a99e90104a43f3c777ef281bb4655509541af7eabb4597322a92a567d1f92
research-context/additional-local/measurement-assurance/diagnosticity/prospective/PROSPECTIVE-DIAG-PROBE-01/PRE_FRIDA_MECHANICAL_FIXTURE_AUDIT_PROTOCOL_v0.1.md,2587,d917f8ed84f24c42cac43fa8a004b7314ce6986f34573724e37127e67772b2af
research-context/additional-local/measurement-assurance/diagnosticity/prospective/PROSPECTIVE-DIAG-PROBE-01/PRE_FRIDA_MECHANICAL_FIXTURE_AUDIT_PROTOCOL_v0.1.md.sha256,118,847f617b25e6354914b67476459d55f1c665f446a688f7a1dba0d888380144ed
research-context/additional-local/measurement-assurance/diagnosticity/prospective/PROSPECTIVE-DIAG-PROBE-01/PRE_FRIDA_MECHANICAL_FIXTURE_AUDIT_RESULT_v0.1.md,3382,012c371c34a0b8c103df48c3ead1ddae60b0d19d80f167e4fb0233f2e4ae3e34
research-context/additional-local/measurement-assurance/diagnosticity/prospective/PROSPECTIVE-DIAG-PROBE-01/PRE_FRIDA_MECHANICAL_FIXTURE_AUDIT_RESULT_v0.1.md.sha256,116,7b839d8c1aa16ff4df127e43b4e0a6b6f2acc547f581da432be56a65f5cb522f
research-context/additional-local/measurement-assurance/diagnosticity/prospective/PROSPECTIVE-DIAG-PROBE-01/PROSPECTIVE_DIAG_PROBE_01_PREREGISTRATION_v0.1.md,4040,ad5983170d3e5813913a7d70087e88b4b03260457f98f4ae152d223b92f4bc2d
research-context/additional-local/measurement-assurance/diagnosticity/prospective/PROSPECTIVE-DIAG-PROBE-01/PROSPECTIVE_DIAG_PROBE_01_PREREGISTRATION_v0.1.md.sha256,116,eb8f1c64e36b2000d2e657ee58ecb14347e8d9ed2088e8bbe159b971274a7ecf
research-context/additional-local/measurement-assurance/diagnosticity/prospective/PROSPECTIVE-DIAG-PROBE-01/PROSPECTIVE_DIAG_PROBE_01_PRIMARY_RESULT_v0.1.md,3006,bb59de279ee122c91c06454a0e77c2a9dbab2dfc392fb641750300a2ed8ac51d
research-context/additional-local/measurement-assurance/diagnosticity/prospective/PROSPECTIVE-DIAG-PROBE-01/PROSPECTIVE_DIAG_PROBE_01_PRIMARY_RESULT_v0.1.md.sha256,115,a04fda020add85a2f1808ac3642dca939f9af61514a9019be3b10c7a22dade7b
research-context/additional-local/measurement-assurance/diagnosticity/prospective/PROSPECTIVE-DIAG-PROBE-01/SONNET_FIXTURE_FREEZE_MANIFEST_v0.1.md,1434,aeebcc33766aaa0531930511759374c9ed153277dfb9b82535cbdf0a660e82c8
research-context/additional-local/measurement-assurance/diagnosticity/prospective/PROSPECTIVE-DIAG-PROBE-01/SONNET_FIXTURE_FREEZE_MANIFEST_v0.1.md.sha256,105,141fd31672266bdd5e112147d70bff9a3f828eb99a037e94c9a52e232da6d9b8
research-context/additional-local/measurement-assurance/diagnosticity/prospective/PROSPECTIVE-DIAG-PROBE-01/blind-package/PROSPECTIVE-DIAG-PROBE-01_FRIDA_BLIND_PACKAGE.zip,4042,5187ac3d257960acff030f8d6c810fea3102c60f821867f0b806c73ddb90b9d8
research-context/additional-local/measurement-assurance/diagnosticity/prospective/PROSPECTIVE-DIAG-PROBE-01/blind-package/PROSPECTIVE-DIAG-PROBE-01_FRIDA_BLIND_PACKAGE.zip.sha256,116,7d481f8acb0aa9e53fdc99ed22e6f07d083e6c75d416e78d2f85a1b656cf94d2
research-context/additional-local/measurement-assurance/diagnosticity/prospective/PROSPECTIVE-DIAG-PROBE-01/blind-package/PROSPECTIVE-DIAG-PROBE-01_FRIDA_BLIND_PACKAGE/CASE_X.md,3980,3792ee0f812928331c1ef67200d06e070d76089484dadc0aa355ccdc42888bb9
research-context/additional-local/measurement-assurance/diagnosticity/prospective/PROSPECTIVE-DIAG-PROBE-01/blind-package/PROSPECTIVE-DIAG-PROBE-01_FRIDA_BLIND_PACKAGE/CASE_Y.md,3499,4e94deff444371dab5758689ecf985b86e0f582ea179241cc5ad73de6938b6b2
research-context/additional-local/measurement-assurance/diagnosticity/prospective/PROSPECTIVE-DIAG-PROBE-01/blind-package/PROSPECTIVE-DIAG-PROBE-01_FRIDA_BLIND_PACKAGE/FRIDA_BLIND_CLASSIFICATION_INSTRUCTION_v0.1.md,916,d508ec53775f149be0fd8e6104e8ec0f8af718ad15f7309ecfe8a9f33ee711ff
research-context/additional-local/measurement-assurance/diagnosticity/prospective/PROSPECTIVE-DIAG-PROBE-01/fixtures/CASE_X.md,3980,3792ee0f812928331c1ef67200d06e070d76089484dadc0aa355ccdc42888bb9
research-context/additional-local/measurement-assurance/diagnosticity/prospective/PROSPECTIVE-DIAG-PROBE-01/fixtures/CASE_X.md.sha256,76,6baa9a39a14e2a816e11822e1a47ec1d151f9c9ad4fc1ce9c3e5a54bd02c588b
research-context/additional-local/measurement-assurance/diagnosticity/prospective/PROSPECTIVE-DIAG-PROBE-01/fixtures/CASE_Y.md,3499,4e94deff444371dab5758689ecf985b86e0f582ea179241cc5ad73de6938b6b2
research-context/additional-local/measurement-assurance/diagnosticity/prospective/PROSPECTIVE-DIAG-PROBE-01/fixtures/CASE_Y.md.sha256,76,c4a9a1dffabae21a792c881866570951b180e969989815885744d41ba11bf350
research-context/additional-local/measurement-assurance/diagnosticity/prospective/PROSPECTIVE-DIAG-PROBE-01/fixtures/SONNET_FIXTURE_PAIR_ORIGINAL.txt,9035,04546b2622b8214d760e7471df1f5a46330a96ecba70116bbf9a41aa22dbbdbb
research-context/additional-local/measurement-assurance/diagnosticity/prospective/PROSPECTIVE-DIAG-PROBE-01/fixtures/SONNET_FIXTURE_PAIR_ORIGINAL.txt.sha256,99,b5a6d89cdcb235e35d707dacdfec296313224045f870b3367568fa0a00c10907
research-context/additional-local/measurement-assurance/diagnosticity/transfer/FRIDA_AICOS_FULL_RESEARCH_HANDOFF_MANIFEST_v0.1.md,3273,75df5a38986032f0c9e1fb38dd5ebf568624d2cef8cd218965b471d8faffb99d
research-context/additional-local/measurement-assurance/diagnosticity/transfer/FRIDA_AICOS_FULL_RESEARCH_HANDOFF_MANIFEST_v0.1.md.sha256,117,813859e4d1ab50c7f68b21d5267b0cbf9dc733ac61eaae4a86282e76a174df50
research-context/additional-local/measurement-assurance/diagnosticity/transfer/FRIDA_PRE_TRANSFER_IN_SCOPE_TEST_DESIGN_BRIEF_v0.1.md,1327,f8ce2dcf6abd0e7a1e1f801f53b250ffafed18242cf8e1ccf7bc58e66ae6b8e8
research-context/additional-local/measurement-assurance/diagnosticity/transfer/FRIDA_PRE_TRANSFER_IN_SCOPE_TEST_DESIGN_BRIEF_v0.1.md.sha256,120,93b682f256a3dfc69e4c6fe8eacae7afe76f4e635198fc9b82d8896a5aaf99c1
research-context/additional-local/measurement-assurance/independent-testing/AICOS_BLACK_BOX_ADVERSARIAL_TEST_SUITE_v0.1.md,26964,5d75eec24fde7afce461632acbb142193882c6e3b653d4fe168ba1e1fd7e55f9
runtime-provenance/README.md,633,9dce8c60a4de6620a6c4cdf08f91aa6ca72fd3c866f648326e59630a70939f1b
runtime-provenance/RUNTIME_BUNDLE_HASHES.csv,5053,5e929ddc57aec4e4fc8e6594fa19eb6660a9cd8f909de808c34b4ad4780c2ffa
