RelativePath,Disposition,PublicTracking,Notes
.gitattributes,HANDOFF_INDEX_RESEARCH_NOTE,INCLUDED,"Repository guide, inventory, provenance, publication review, or research-note artifact. Classified 2026-09-25."
.gitignore,HANDOFF_INDEX_RESEARCH_NOTE,INCLUDED,"Repository guide, inventory, provenance, publication review, or research-note artifact."
ARTIFACT_INDEX.md,HANDOFF_INDEX_RESEARCH_NOTE,INCLUDED,"Repository guide, inventory, provenance, publication review, or research-note artifact."
PUBLICATION_STATUS.md,HANDOFF_INDEX_RESEARCH_NOTE,INCLUDED,"Repository guide, inventory, provenance, publication review, or research-note artifact."
PUBLICATION_STATUS_ADDENDUM_2026-09-25.md,HANDOFF_INDEX_RESEARCH_NOTE,INCLUDED,"Repository guide, inventory, provenance, publication review, or research-note artifact. Dated supplement; does not replace PUBLICATION_STATUS.md."
README.md,HANDOFF_INDEX_RESEARCH_NOTE,INCLUDED,"Repository guide, inventory, provenance, publication review, or research-note artifact."
RESEARCH_HISTORY.md,HANDOFF_INDEX_RESEARCH_NOTE,INCLUDED,"Repository guide, inventory, provenance, publication review, or research-note artifact."
eaw/v0.4.8/EAW_v0.4.8_CANDIDATE.md,PARTIAL_ARCHIVAL_RESEARCH_PACKET,INCLUDED,"Previously published partial archival research packet (per its MANIFEST.json); candidate status, not frozen, no implementation; not promoted to canonical evidence. Classified 2026-09-25."
eaw/v0.4.8/README.md,PARTIAL_ARCHIVAL_RESEARCH_PACKET,INCLUDED,"Previously published partial archival research packet (per its MANIFEST.json); candidate status, not frozen, no implementation; not promoted to canonical evidence. Classified 2026-09-25."
eaw/v0.4.8/p4-same-q-composition/CURRENT_STATE.md,PARTIAL_ARCHIVAL_RESEARCH_PACKET,INCLUDED,"Previously published partial archival research packet (per its MANIFEST.json); candidate status, not frozen, no implementation; not promoted to canonical evidence. Classified 2026-09-25."
eaw/v0.4.8/p4-same-q-composition/EGA-01.md,PARTIAL_ARCHIVAL_RESEARCH_PACKET,INCLUDED,"Previously published partial archival research packet (per its MANIFEST.json); candidate status, not frozen, no implementation; not promoted to canonical evidence. Classified 2026-09-25."
eaw/v0.4.8/p4-same-q-composition/MANIFEST.json,PARTIAL_ARCHIVAL_RESEARCH_PACKET,INCLUDED,"Previously published partial archival research packet (per its MANIFEST.json); candidate status, not frozen, no implementation; not promoted to canonical evidence. Classified 2026-09-25."
eaw/v0.4.8/p4-same-q-composition/MISSING_OR_UNRESOLVED.md,PARTIAL_ARCHIVAL_RESEARCH_PACKET,INCLUDED,"Previously published partial archival research packet (per its MANIFEST.json); candidate status, not frozen, no implementation; not promoted to canonical evidence. Classified 2026-09-25."
eaw/v0.4.8/p4-same-q-composition/SOURCE_PROVENANCE.md,PARTIAL_ARCHIVAL_RESEARCH_PACKET,INCLUDED,"Previously published partial archival research packet (per its MANIFEST.json); candidate status, not frozen, no implementation; not promoted to canonical evidence. Classified 2026-09-25."
experiments/prospective-diag-2arm-01/analyses/PAIRWISE_EXECUTION_005_ANALYSIS.json,HISTORICAL_EXECUTION_ARTIFACT,INCLUDED,"Preserved execution, raw/log/result, conclusion, or post-execution trace artifact."
experiments/prospective-diag-2arm-01/analyses/PAIRWISE_EXECUTION_005_ANALYSIS.md,HISTORICAL_EXECUTION_ARTIFACT,INCLUDED,"Preserved execution, raw/log/result, conclusion, or post-execution trace artifact."
experiments/prospective-diag-2arm-01/analyses/TRACE_INTEGRITY_AUDIT_EXECUTION_005.json,HISTORICAL_EXECUTION_ARTIFACT,INCLUDED,"Preserved execution, raw/log/result, conclusion, or post-execution trace artifact."
experiments/prospective-diag-2arm-01/design/CORPUS_MANIFEST.json,CANONICAL_FROZEN_EVIDENCE,INCLUDED,"Frozen design, pre-observation patch, manifest, corpus, or target configuration record."
experiments/prospective-diag-2arm-01/design/FINAL_FREEZE_MANIFEST.json,CANONICAL_FROZEN_EVIDENCE,INCLUDED,"Frozen design, pre-observation patch, manifest, corpus, or target configuration record."
experiments/prospective-diag-2arm-01/design/PROSPECTIVE-DIAG-2ARM-01_FROZEN.md,CANONICAL_FROZEN_EVIDENCE,INCLUDED,"Frozen design, pre-observation patch, manifest, corpus, or target configuration record."
experiments/prospective-diag-2arm-01/design/PROSPECTIVE-DIAG-2ARM-01_v0.2_FREEZE_MANIFEST.json,CANONICAL_FROZEN_EVIDENCE,INCLUDED,"Frozen design, pre-observation patch, manifest, corpus, or target configuration record."
experiments/prospective-diag-2arm-01/design/PROSPECTIVE-DIAG-2ARM-01_v0.2_PREOBS_PATCH.md,CANONICAL_FROZEN_EVIDENCE,INCLUDED,"Frozen design, pre-observation patch, manifest, corpus, or target configuration record."
experiments/prospective-diag-2arm-01/design/PROSPECTIVE-DIAG-2ARM-01_v0.3_FREEZE_MANIFEST.json,CANONICAL_FROZEN_EVIDENCE,INCLUDED,"Frozen design, pre-observation patch, manifest, corpus, or target configuration record."
experiments/prospective-diag-2arm-01/design/PROSPECTIVE-DIAG-2ARM-01_v0.3_PREOBS_PATCH.md,CANONICAL_FROZEN_EVIDENCE,INCLUDED,"Frozen design, pre-observation patch, manifest, corpus, or target configuration record."
experiments/prospective-diag-2arm-01/design/PROSPECTIVE-DIAG-2ARM-01_v0.4_FREEZE_MANIFEST.json,CANONICAL_FROZEN_EVIDENCE,INCLUDED,"Frozen design, pre-observation patch, manifest, corpus, or target configuration record."
experiments/prospective-diag-2arm-01/design/PROSPECTIVE-DIAG-2ARM-01_v0.4_PREOBS_PATCH.md,CANONICAL_FROZEN_EVIDENCE,INCLUDED,"Frozen design, pre-observation patch, manifest, corpus, or target configuration record."
experiments/prospective-diag-2arm-01/design/TARGET_CONFIGURATION_MANIFEST.json,CANONICAL_FROZEN_EVIDENCE,INCLUDED,"Frozen design, pre-observation patch, manifest, corpus, or target configuration record."
experiments/prospective-diag-2arm-01/executions/EXECUTION_001/EXECUTION_RECORD.json,HISTORICAL_EXECUTION_ARTIFACT,INCLUDED,"Preserved execution, raw/log/result, conclusion, or post-execution trace artifact."
experiments/prospective-diag-2arm-01/executions/EXECUTION_002/EXECUTION_RECORD.json,HISTORICAL_EXECUTION_ARTIFACT,INCLUDED,"Preserved execution, raw/log/result, conclusion, or post-execution trace artifact."
experiments/prospective-diag-2arm-01/executions/EXECUTION_003/CONCLUSION.txt,HISTORICAL_EXECUTION_ARTIFACT,INCLUDED,"Preserved execution, raw/log/result, conclusion, or post-execution trace artifact."
experiments/prospective-diag-2arm-01/executions/EXECUTION_003/CONCLUSION_RECORD.json,HISTORICAL_EXECUTION_ARTIFACT,INCLUDED,"Preserved execution, raw/log/result, conclusion, or post-execution trace artifact."
experiments/prospective-diag-2arm-01/executions/EXECUTION_003/EXECUTION_RECORD.json,HISTORICAL_EXECUTION_ARTIFACT,INCLUDED,"Preserved execution, raw/log/result, conclusion, or post-execution trace artifact."
experiments/prospective-diag-2arm-01/executions/EXECUTION_003/LOGS.jsonl,HISTORICAL_EXECUTION_ARTIFACT,INCLUDED,"Preserved execution, raw/log/result, conclusion, or post-execution trace artifact."
experiments/prospective-diag-2arm-01/executions/EXECUTION_003/RAW.jsonl,HISTORICAL_EXECUTION_ARTIFACT,INCLUDED,"Preserved execution, raw/log/result, conclusion, or post-execution trace artifact."
experiments/prospective-diag-2arm-01/executions/EXECUTION_003/RESULTS.json,HISTORICAL_EXECUTION_ARTIFACT,INCLUDED,"Preserved execution, raw/log/result, conclusion, or post-execution trace artifact."
experiments/prospective-diag-2arm-01/executions/EXECUTION_004/CONCLUSION.txt,HISTORICAL_EXECUTION_ARTIFACT,INCLUDED,"Preserved execution, raw/log/result, conclusion, or post-execution trace artifact."
experiments/prospective-diag-2arm-01/executions/EXECUTION_004/CONCLUSION_RECORD.json,HISTORICAL_EXECUTION_ARTIFACT,INCLUDED,"Preserved execution, raw/log/result, conclusion, or post-execution trace artifact."
experiments/prospective-diag-2arm-01/executions/EXECUTION_004/EXECUTION_RECORD.json,HISTORICAL_EXECUTION_ARTIFACT,INCLUDED,"Preserved execution, raw/log/result, conclusion, or post-execution trace artifact."
experiments/prospective-diag-2arm-01/executions/EXECUTION_004/LOGS.jsonl,HISTORICAL_EXECUTION_ARTIFACT,INCLUDED,"Preserved execution, raw/log/result, conclusion, or post-execution trace artifact."
experiments/prospective-diag-2arm-01/executions/EXECUTION_004/RAW.jsonl,HISTORICAL_EXECUTION_ARTIFACT,INCLUDED,"Preserved execution, raw/log/result, conclusion, or post-execution trace artifact."
experiments/prospective-diag-2arm-01/executions/EXECUTION_004/RESULTS.json,HISTORICAL_EXECUTION_ARTIFACT,INCLUDED,"Preserved execution, raw/log/result, conclusion, or post-execution trace artifact."
experiments/prospective-diag-2arm-01/executions/EXECUTION_005/CONCLUSION.txt,HISTORICAL_EXECUTION_ARTIFACT,INCLUDED,"Preserved execution, raw/log/result, conclusion, or post-execution trace artifact."
experiments/prospective-diag-2arm-01/executions/EXECUTION_005/CONCLUSION_RECORD.json,HISTORICAL_EXECUTION_ARTIFACT,INCLUDED,"Preserved execution, raw/log/result, conclusion, or post-execution trace artifact."
experiments/prospective-diag-2arm-01/executions/EXECUTION_005/EXECUTION_RECORD.json,HISTORICAL_EXECUTION_ARTIFACT,INCLUDED,"Preserved execution, raw/log/result, conclusion, or post-execution trace artifact."
experiments/prospective-diag-2arm-01/executions/EXECUTION_005/LOGS.jsonl,HISTORICAL_EXECUTION_ARTIFACT,INCLUDED,"Preserved execution, raw/log/result, conclusion, or post-execution trace artifact."
experiments/prospective-diag-2arm-01/executions/EXECUTION_005/RAW.jsonl,HISTORICAL_EXECUTION_ARTIFACT,INCLUDED,"Preserved execution, raw/log/result, conclusion, or post-execution trace artifact."
experiments/prospective-diag-2arm-01/executions/EXECUTION_005/RESULTS.json,HISTORICAL_EXECUTION_ARTIFACT,INCLUDED,"Preserved execution, raw/log/result, conclusion, or post-execution trace artifact."
experiments/prospective-diag-2arm-01/executions/EXECUTION_005_ANALYSIS.md,HISTORICAL_EXECUTION_ARTIFACT,INCLUDED,"Preserved execution, raw/log/result, conclusion, or post-execution trace artifact."
experiments/prospective-diag-2arm-01/implementation/CHECK_V4_LINE_ENDINGS.py,EXCLUDED_PRIVATE_LOCAL_ARCHIVAL,EXCLUDED,Excluded from public Git tracking by .gitignore; byte-identical local archival original with identifying local path.
experiments/prospective-diag-2arm-01/implementation/CONCLUSION_LOGIC.py,HISTORICAL_EXECUTION_ARTIFACT,INCLUDED,"Implementation, runner, parser, scorer, or pre-execution record preserved with the experiment chain."
experiments/prospective-diag-2arm-01/implementation/PARSER_SCORER.py,HISTORICAL_EXECUTION_ARTIFACT,INCLUDED,"Implementation, runner, parser, scorer, or pre-execution record preserved with the experiment chain."
experiments/prospective-diag-2arm-01/implementation/RUNNER_PREEXEC_RECORD.json,HISTORICAL_EXECUTION_ARTIFACT,INCLUDED,"Implementation, runner, parser, scorer, or pre-execution record preserved with the experiment chain."
experiments/prospective-diag-2arm-01/implementation/RUNNER_PREEXEC_RECORD_v2.json,HISTORICAL_EXECUTION_ARTIFACT,INCLUDED,"Implementation, runner, parser, scorer, or pre-execution record preserved with the experiment chain."
experiments/prospective-diag-2arm-01/implementation/RUNNER_PREEXEC_RECORD_v3.json,HISTORICAL_EXECUTION_ARTIFACT,INCLUDED,"Implementation, runner, parser, scorer, or pre-execution record preserved with the experiment chain."
experiments/prospective-diag-2arm-01/implementation/RUNNER_PREEXEC_RECORD_v4.json,HISTORICAL_EXECUTION_ARTIFACT,INCLUDED,"Implementation, runner, parser, scorer, or pre-execution record preserved with the experiment chain."
experiments/prospective-diag-2arm-01/implementation/RUNNER_PREEXEC_RECORD_v5.json,HISTORICAL_EXECUTION_ARTIFACT,INCLUDED,"Implementation, runner, parser, scorer, or pre-execution record preserved with the experiment chain."
experiments/prospective-diag-2arm-01/implementation/RUN_PROSPECTIVE_DIAG_2ARM_01.py,EXCLUDED_PRIVATE_LOCAL_ARCHIVAL,EXCLUDED,Excluded from public Git tracking by .gitignore; byte-identical local archival original with identifying local path.
experiments/prospective-diag-2arm-01/implementation/RUN_PROSPECTIVE_DIAG_2ARM_01_v2.py,EXCLUDED_PRIVATE_LOCAL_ARCHIVAL,EXCLUDED,Excluded from public Git tracking by .gitignore; byte-identical local archival original with identifying local path.
experiments/prospective-diag-2arm-01/implementation/RUN_PROSPECTIVE_DIAG_2ARM_01_v3.py,EXCLUDED_PRIVATE_LOCAL_ARCHIVAL,EXCLUDED,Excluded from public Git tracking by .gitignore; byte-identical local archival original with identifying local path.
experiments/prospective-diag-2arm-01/implementation/RUN_PROSPECTIVE_DIAG_2ARM_01_v4.py,EXCLUDED_PRIVATE_LOCAL_ARCHIVAL,EXCLUDED,Excluded from public Git tracking by .gitignore; byte-identical local archival original with identifying local path.
experiments/prospective-diag-2arm-01/implementation/RUN_PROSPECTIVE_DIAG_2ARM_01_v5.py,EXCLUDED_PRIVATE_LOCAL_ARCHIVAL,EXCLUDED,Excluded from public Git tracking by .gitignore; byte-identical local archival original with identifying local path.
experiments/prospective-diag-2arm-01/implementation/SMOKE_CLEAN_STDOUT.py,EXCLUDED_PRIVATE_LOCAL_ARCHIVAL,EXCLUDED,Excluded from public Git tracking by .gitignore; byte-identical local archival original with identifying local path.
experiments/prospective-magnitude-01/PROSPECTIVE-MAGNITUDE-01_EXECUTION_001_RESULT.md,HISTORICAL_EXECUTION_ARTIFACT,INCLUDED,"Implementation, runner, parser, scorer, or pre-execution record preserved with the experiment chain."
experiments/prospective-magnitude-01/design/MAGNITUDE_CORPUS_GENERATION_LOG.json,CANONICAL_FROZEN_EVIDENCE,INCLUDED,"Frozen design, pre-observation patch, manifest, corpus, or target configuration record."
experiments/prospective-magnitude-01/design/MAGNITUDE_CORPUS_MANIFEST.json,CANONICAL_FROZEN_EVIDENCE,INCLUDED,"Frozen design, pre-observation patch, manifest, corpus, or target configuration record."
experiments/prospective-magnitude-01/design/MAGNITUDE_EXECUTION_PLAN.json,CANONICAL_FROZEN_EVIDENCE,INCLUDED,"Frozen design, pre-observation patch, manifest, corpus, or target configuration record."
experiments/prospective-magnitude-01/design/MAGNITUDE_FINAL_FREEZE_MANIFEST.json,CANONICAL_FROZEN_EVIDENCE,INCLUDED,"Frozen design, pre-observation patch, manifest, corpus, or target configuration record."
experiments/prospective-magnitude-01/design/MAGNITUDE_RUNNER_PREEXEC_RECORD_v1.json,CANONICAL_FROZEN_EVIDENCE,INCLUDED,"Frozen design, pre-observation patch, manifest, corpus, or target configuration record."
experiments/prospective-magnitude-01/design/MAGNITUDE_TARGET_CONFIGURATION_MANIFEST.json,CANONICAL_FROZEN_EVIDENCE,INCLUDED,"Frozen design, pre-observation patch, manifest, corpus, or target configuration record."
experiments/prospective-magnitude-01/design/PROSPECTIVE-MAGNITUDE-01_v0.1_FROZEN.md,CANONICAL_FROZEN_EVIDENCE,INCLUDED,"Frozen design, pre-observation patch, manifest, corpus, or target configuration record."
experiments/prospective-magnitude-01/design/PROSPECTIVE-MAGNITUDE-01_v0.2_FREEZE_MANIFEST.json,CANONICAL_FROZEN_EVIDENCE,INCLUDED,"Frozen design, pre-observation patch, manifest, corpus, or target configuration record."
experiments/prospective-magnitude-01/execution_001/ANALYSIS.json,HISTORICAL_EXECUTION_ARTIFACT,INCLUDED,"Preserved execution, raw/log/result, conclusion, or post-execution trace artifact."
experiments/prospective-magnitude-01/execution_001/EXECUTION_RECORD.json,HISTORICAL_EXECUTION_ARTIFACT,INCLUDED,"Preserved execution, raw/log/result, conclusion, or post-execution trace artifact."
experiments/prospective-magnitude-01/execution_001/LOGS.jsonl,HISTORICAL_EXECUTION_ARTIFACT,INCLUDED,"Preserved execution, raw/log/result, conclusion, or post-execution trace artifact."
experiments/prospective-magnitude-01/execution_001/RAW.jsonl,HISTORICAL_EXECUTION_ARTIFACT,INCLUDED,"Preserved execution, raw/log/result, conclusion, or post-execution trace artifact."
experiments/prospective-magnitude-01/execution_001/SCORES.jsonl,HISTORICAL_EXECUTION_ARTIFACT,INCLUDED,"Preserved execution, raw/log/result, conclusion, or post-execution trace artifact."
experiments/prospective-magnitude-01/implementation/MAGNITUDE_ANALYSIS.py,HISTORICAL_EXECUTION_ARTIFACT,INCLUDED,"Implementation, runner, parser, scorer, or pre-execution record preserved with the experiment chain."
experiments/prospective-magnitude-01/implementation/MAGNITUDE_CORPUS_GENERATOR.py,HISTORICAL_EXECUTION_ARTIFACT,INCLUDED,"Implementation, runner, parser, scorer, or pre-execution record preserved with the experiment chain."
experiments/prospective-magnitude-01/implementation/MAGNITUDE_PAIR_ANALYSIS_ADAPTER.py,HISTORICAL_EXECUTION_ARTIFACT,INCLUDED,"Implementation, runner, parser, scorer, or pre-execution record preserved with the experiment chain."
experiments/prospective-magnitude-01/implementation/MAGNITUDE_PARSER_SCORER.py,HISTORICAL_EXECUTION_ARTIFACT,INCLUDED,"Implementation, runner, parser, scorer, or pre-execution record preserved with the experiment chain."
experiments/prospective-magnitude-01/implementation/MAGNITUDE_SCORE_ADAPTER.py,HISTORICAL_EXECUTION_ARTIFACT,INCLUDED,"Implementation, runner, parser, scorer, or pre-execution record preserved with the experiment chain."
experiments/prospective-magnitude-01/implementation/PROSPECTIVE-MAGNITUDE-01_v0.2_PREOBS_IMPLEMENTATION_PATCH.md,HISTORICAL_EXECUTION_ARTIFACT,INCLUDED,"Implementation, runner, parser, scorer, or pre-execution record preserved with the experiment chain."
experiments/prospective-magnitude-01/implementation/RUN_PROSPECTIVE_MAGNITUDE_01_v1.py,HISTORICAL_EXECUTION_ARTIFACT,INCLUDED,"Implementation, runner, parser, scorer, or pre-execution record preserved with the experiment chain."
inventory/ADDITIONAL_LOCAL_SOURCE_REVIEW.csv,HANDOFF_INDEX_RESEARCH_NOTE,INCLUDED,"Repository guide, inventory, provenance, publication review, or research-note artifact."
inventory/AICOS_GITHUB_FILE_TREE.txt,HANDOFF_INDEX_RESEARCH_NOTE,INCLUDED,"Repository guide, inventory, provenance, publication review, or research-note artifact."
inventory/AICOS_GITHUB_INVENTORY.csv,HANDOFF_INDEX_RESEARCH_NOTE,INCLUDED,"Repository guide, inventory, provenance, publication review, or research-note artifact."
inventory/GITHUB_STAGING_CLASSIFICATION.csv,HANDOFF_INDEX_RESEARCH_NOTE,INCLUDED,"Repository guide, inventory, provenance, publication review, or research-note artifact. Explicitly excluded only from recursive self-hash enumeration where applicable."
inventory/GITHUB_STAGING_CLASSIFICATION_2026-09-25.csv,HANDOFF_INDEX_RESEARCH_NOTE,INCLUDED,"Repository guide, inventory, provenance, publication review, or research-note artifact. Dated supplement; does not replace the historical classification."
inventory/GITHUB_STAGING_HASHES.csv,HANDOFF_INDEX_RESEARCH_NOTE,INCLUDED,"Repository guide, inventory, provenance, publication review, or research-note artifact. Explicitly excluded only from recursive self-hash enumeration where applicable."
inventory/GITHUB_STAGING_HASHES_2026-09-25.csv,HANDOFF_INDEX_RESEARCH_NOTE,INCLUDED,"Repository guide, inventory, provenance, publication review, or research-note artifact. Dated supplement; does not replace the historical hash inventory. Explicitly excluded only from recursive self-hash enumeration."
inventory/MISSING_RELEVANT_ARTIFACTS.md,HANDOFF_INDEX_RESEARCH_NOTE,INCLUDED,"Repository guide, inventory, provenance, publication review, or research-note artifact."
inventory/PRIVACY_REVIEW_FLAGS.md,HANDOFF_INDEX_RESEARCH_NOTE,INCLUDED,"Repository guide, inventory, provenance, publication review, or research-note artifact."
inventory/PUBLICATION_COPIES_MANIFEST.csv,HANDOFF_INDEX_RESEARCH_NOTE,INCLUDED,"Repository guide, inventory, provenance, publication review, or research-note artifact."
inventory/PUBLICATION_EXCLUSIONS.txt,HANDOFF_INDEX_RESEARCH_NOTE,INCLUDED,"Repository guide, inventory, provenance, publication review, or research-note artifact."
inventory/PUBLICATION_PRIVACY_REVIEW.md,HANDOFF_INDEX_RESEARCH_NOTE,INCLUDED,"Repository guide, inventory, provenance, publication review, or research-note artifact."
methodology/pre-freeze/AICOS_PRE_FREEZE_EXPERIMENT_QUALIFICATION_RULE_v0.1_FROZEN.md,HANDOFF_INDEX_RESEARCH_NOTE,INCLUDED,"Frozen experiment-operations rule; not evidence, not an AICOS Core norm, no retroactive effect. Classified 2026-09-25."
publication-copies/CHECK_V4_LINE_ENDINGS.PUBLICATION_COPY.py,PUBLICATION_COPY_REDACTED,INCLUDED,Public-tracking copy; only the documented local-path pseudonymization differs from its archival original.
publication-copies/RUN_PROSPECTIVE_DIAG_2ARM_01.PUBLICATION_COPY.py,PUBLICATION_COPY_REDACTED,INCLUDED,Public-tracking copy; only the documented local-path pseudonymization differs from its archival original.
publication-copies/RUN_PROSPECTIVE_DIAG_2ARM_01_v2.PUBLICATION_COPY.py,PUBLICATION_COPY_REDACTED,INCLUDED,Public-tracking copy; only the documented local-path pseudonymization differs from its archival original.
publication-copies/RUN_PROSPECTIVE_DIAG_2ARM_01_v3.PUBLICATION_COPY.py,PUBLICATION_COPY_REDACTED,INCLUDED,Public-tracking copy; only the documented local-path pseudonymization differs from its archival original.
publication-copies/RUN_PROSPECTIVE_DIAG_2ARM_01_v4.PUBLICATION_COPY.py,PUBLICATION_COPY_REDACTED,INCLUDED,Public-tracking copy; only the documented local-path pseudonymization differs from its archival original.
publication-copies/RUN_PROSPECTIVE_DIAG_2ARM_01_v5.PUBLICATION_COPY.py,PUBLICATION_COPY_REDACTED,INCLUDED,Public-tracking copy; only the documented local-path pseudonymization differs from its archival original.
publication-copies/SMOKE_CLEAN_STDOUT.PUBLICATION_COPY.py,PUBLICATION_COPY_REDACTED,INCLUDED,Public-tracking copy; only the documented local-path pseudonymization differs from its archival original.
research-context/R3-R3.2/STATUS_SUMMARY_2026-09-25.md,HANDOFF_INDEX_RESEARCH_NOTE,INCLUDED,"Bounded R3-R3.2 status summary; not a new run, replication, or confirmatory result. Classified 2026-09-25."
research-context/additional-local/measurement-assurance/LOCAL_SOURCE_PROVENANCE.md,HANDOFF_INDEX_RESEARCH_NOTE,INCLUDED,Generated provenance for the separately preserved historical context.
research-context/additional-local/measurement-assurance/diagnosticity/AICOS_DIAGNOSTICITY_CROSS_EXPERIMENT_REVIEW_v0.1.md,NON_CANONICAL_RESEARCH_CONTEXT,INCLUDED,Byte-verified historical/context artifact; not canonical frozen evidence.
research-context/additional-local/measurement-assurance/diagnosticity/AICOS_DIAGNOSTICITY_PREFLIGHT_v0.1.md,NON_CANONICAL_RESEARCH_CONTEXT,INCLUDED,Byte-verified historical/context artifact; not canonical frozen evidence.
research-context/additional-local/measurement-assurance/diagnosticity/AICOS_DIAGNOSTICITY_RESEARCH_NOTES_v0.1.md,NON_CANONICAL_RESEARCH_CONTEXT,INCLUDED,Byte-verified historical/context artifact; not canonical frozen evidence.
research-context/additional-local/measurement-assurance/diagnosticity/MANIFEST.json,NON_CANONICAL_RESEARCH_CONTEXT,INCLUDED,Byte-verified historical/context artifact; not canonical frozen evidence.
research-context/additional-local/measurement-assurance/diagnosticity/README.md,NON_CANONICAL_RESEARCH_CONTEXT,INCLUDED,Byte-verified historical/context artifact; not canonical frozen evidence.
research-context/additional-local/measurement-assurance/diagnosticity/addenda/AICOS_DIAGNOSTICITY_METHOD_PACK_v0.1_EVIDENCE_BASIS_ADDENDUM_01.md,NON_CANONICAL_RESEARCH_CONTEXT,INCLUDED,Byte-verified historical/context artifact; not canonical frozen evidence.
research-context/additional-local/measurement-assurance/diagnosticity/checkpoints/2026-09-20/DIAGNOSTICITY_CHECKPOINT_FILESET_MANIFEST_v0.1.json,NON_CANONICAL_RESEARCH_CONTEXT,INCLUDED,Byte-verified historical/context artifact; not canonical frozen evidence.
research-context/additional-local/measurement-assurance/diagnosticity/checkpoints/2026-09-20/DIAGNOSTICITY_CHECKPOINT_FILESET_MANIFEST_v0.1.json.sha256,NON_CANONICAL_RESEARCH_CONTEXT,INCLUDED,Byte-verified historical/context artifact; not canonical frozen evidence.
research-context/additional-local/measurement-assurance/diagnosticity/checkpoints/2026-09-20/DIAGNOSTICITY_RESEARCH_CHECKPOINT_v0.1.md,NON_CANONICAL_RESEARCH_CONTEXT,INCLUDED,Byte-verified historical/context artifact; not canonical frozen evidence.
research-context/additional-local/measurement-assurance/diagnosticity/checkpoints/2026-09-20/DIAGNOSTICITY_RESEARCH_CHECKPOINT_v0.1.md.sha256,NON_CANONICAL_RESEARCH_CONTEXT,INCLUDED,Byte-verified historical/context artifact; not canonical frozen evidence.
research-context/additional-local/measurement-assurance/diagnosticity/checkpoints/2026-09-20/F2_RESULT_PRESERVATION_AND_POSTHOC_ATTRIBUTION_BOUNDARY_v0.1.md,NON_CANONICAL_RESEARCH_CONTEXT,INCLUDED,Byte-verified historical/context artifact; not canonical frozen evidence.
research-context/additional-local/measurement-assurance/diagnosticity/checkpoints/2026-09-20/F2_RESULT_PRESERVATION_AND_POSTHOC_ATTRIBUTION_BOUNDARY_v0.1.md.sha256,NON_CANONICAL_RESEARCH_CONTEXT,INCLUDED,Byte-verified historical/context artifact; not canonical frozen evidence.
research-context/additional-local/measurement-assurance/diagnosticity/control-validation/historical-v3.3/blind-packet/FRIDA_BLIND_CLASSIFICATION_REQUEST.md,NON_CANONICAL_RESEARCH_CONTEXT,INCLUDED,Byte-verified historical/context artifact; not canonical frozen evidence.
research-context/additional-local/measurement-assurance/diagnosticity/control-validation/historical-v3.3/blind-packet/SOURCE_MANIFEST.md,NON_CANONICAL_RESEARCH_CONTEXT,INCLUDED,Byte-verified historical/context artifact; not canonical frozen evidence.
research-context/additional-local/measurement-assurance/diagnosticity/control-validation/historical-v3.3/blind-packet/original-subset/Forskning_och_Analyschef.md,NON_CANONICAL_RESEARCH_CONTEXT,INCLUDED,Byte-verified historical/context artifact; not canonical frozen evidence.
research-context/additional-local/measurement-assurance/diagnosticity/control-validation/historical-v3.3/blind-packet/original-subset/Kritisk_Granskare.md,NON_CANONICAL_RESEARCH_CONTEXT,INCLUDED,Byte-verified historical/context artifact; not canonical frozen evidence.
research-context/additional-local/measurement-assurance/diagnosticity/control-validation/historical-v3.3/blind-packet/original-subset/Valideringsplan_v1.md,NON_CANONICAL_RESEARCH_CONTEXT,INCLUDED,Byte-verified historical/context artifact; not canonical frozen evidence.
research-context/additional-local/measurement-assurance/diagnosticity/control-validation/historical-v3.3/blind-packet/original-subset/logg.md,NON_CANONICAL_RESEARCH_CONTEXT,INCLUDED,Byte-verified historical/context artifact; not canonical frozen evidence.
research-context/additional-local/measurement-assurance/diagnosticity/control-validation/historical-v3.3/internal/CASE_SELECTION_RECORD.md,NON_CANONICAL_RESEARCH_CONTEXT,INCLUDED,Byte-verified historical/context artifact; not canonical frozen evidence.
research-context/additional-local/measurement-assurance/diagnosticity/control-validation/historical-v3.3/results/AICOS_HIST_DIAG_CTRL_01_D1_D11_ASSESSMENT_v0.1.md,NON_CANONICAL_RESEARCH_CONTEXT,INCLUDED,Byte-verified historical/context artifact; not canonical frozen evidence.
research-context/additional-local/measurement-assurance/diagnosticity/control-validation/historical-v3.3/results/FRIDA_BLIND_CLASSIFICATION_BASIS_ADDENDUM_v0.1.md,NON_CANONICAL_RESEARCH_CONTEXT,INCLUDED,Byte-verified historical/context artifact; not canonical frozen evidence.
research-context/additional-local/measurement-assurance/diagnosticity/control-validation/historical-v3.3/results/FRIDA_BLIND_CLASSIFICATION_BASIS_ADDENDUM_v0.1.md.sha256,NON_CANONICAL_RESEARCH_CONTEXT,INCLUDED,Byte-verified historical/context artifact; not canonical frozen evidence.
research-context/additional-local/measurement-assurance/diagnosticity/control-validation/historical-v3.3/results/FRIDA_BLIND_CLASSIFICATION_RESULT.md,NON_CANONICAL_RESEARCH_CONTEXT,INCLUDED,Byte-verified historical/context artifact; not canonical frozen evidence.
research-context/additional-local/measurement-assurance/diagnosticity/control-validation/historical-v3.3/results/HIST_DIAG_CTRL_01_CF01_COUNTERFACTUAL_CHARACTERIZATION_v0.1.md,NON_CANONICAL_RESEARCH_CONTEXT,INCLUDED,Byte-verified historical/context artifact; not canonical frozen evidence.
research-context/additional-local/measurement-assurance/diagnosticity/control-validation/historical-v3.3/results/HIST_DIAG_CTRL_01_CF01_COUNTERFACTUAL_CHARACTERIZATION_v0.1.md.sha256,NON_CANONICAL_RESEARCH_CONTEXT,INCLUDED,Byte-verified historical/context artifact; not canonical frozen evidence.
research-context/additional-local/measurement-assurance/diagnosticity/control-validation/historical-v3.3/results/HIST_DIAG_CTRL_01_D1_D11_APPLICABILITY_AUDIT_v0.1.md,NON_CANONICAL_RESEARCH_CONTEXT,INCLUDED,Byte-verified historical/context artifact; not canonical frozen evidence.
research-context/additional-local/measurement-assurance/diagnosticity/control-validation/historical-v3.3/results/HIST_DIAG_CTRL_01_D1_D11_APPLICABILITY_AUDIT_v0.1.md.sha256,NON_CANONICAL_RESEARCH_CONTEXT,INCLUDED,Byte-verified historical/context artifact; not canonical frozen evidence.
research-context/additional-local/measurement-assurance/diagnosticity/control-validation/historical-v3.3/results/HIST_DIAG_CTRL_01_D4_D5_D9_FAILURE_LOCALIZATION_v0.1.md,NON_CANONICAL_RESEARCH_CONTEXT,INCLUDED,Byte-verified historical/context artifact; not canonical frozen evidence.
research-context/additional-local/measurement-assurance/diagnosticity/control-validation/historical-v3.3/results/HIST_DIAG_CTRL_01_D4_D5_D9_FAILURE_LOCALIZATION_v0.1.md.sha256,NON_CANONICAL_RESEARCH_CONTEXT,INCLUDED,Byte-verified historical/context artifact; not canonical frozen evidence.
research-context/additional-local/measurement-assurance/diagnosticity/control-validation/historical-v3.3/results/HIST_DIAG_CTRL_01_D9_OUTCOME_TRANSLATION_AUDIT_v0.1.md,NON_CANONICAL_RESEARCH_CONTEXT,INCLUDED,Byte-verified historical/context artifact; not canonical frozen evidence.
research-context/additional-local/measurement-assurance/diagnosticity/control-validation/historical-v3.3/results/HIST_DIAG_CTRL_01_D9_OUTCOME_TRANSLATION_AUDIT_v0.1.md.sha256,NON_CANONICAL_RESEARCH_CONTEXT,INCLUDED,Byte-verified historical/context artifact; not canonical frozen evidence.
research-context/additional-local/measurement-assurance/diagnosticity/control-validation/historical-v3.3/results/HIST_DIAG_CTRL_01_D9_RESIDUAL_CARRIER_STOPPOINT_v0.1.md,NON_CANONICAL_RESEARCH_CONTEXT,INCLUDED,Byte-verified historical/context artifact; not canonical frozen evidence.
research-context/additional-local/measurement-assurance/diagnosticity/control-validation/historical-v3.3/results/HIST_DIAG_CTRL_01_D9_RESIDUAL_CARRIER_STOPPOINT_v0.1.md.sha256,NON_CANONICAL_RESEARCH_CONTEXT,INCLUDED,Byte-verified historical/context artifact; not canonical frozen evidence.
research-context/additional-local/measurement-assurance/diagnosticity/control-validation/historical-v3.3/results/NEW_EVIDENCE_ACQUISITION_PLAN_v0.1.md,NON_CANONICAL_RESEARCH_CONTEXT,INCLUDED,Byte-verified historical/context artifact; not canonical frozen evidence.
research-context/additional-local/measurement-assurance/diagnosticity/control-validation/historical-v3.3/results/NEW_EVIDENCE_ACQUISITION_PLAN_v0.1.md.sha256,NON_CANONICAL_RESEARCH_CONTEXT,INCLUDED,Byte-verified historical/context artifact; not canonical frozen evidence.
research-context/additional-local/measurement-assurance/diagnosticity/control-validation/historical-v3.3/results/STEP_2_POSITIVE_CONTROL_HIST_DIAG_CTRL_01_RESULT_v0.1.md,NON_CANONICAL_RESEARCH_CONTEXT,INCLUDED,Byte-verified historical/context artifact; not canonical frozen evidence.
research-context/additional-local/measurement-assurance/diagnosticity/prospective/PROSPECTIVE-DIAG-PROBE-01/BLIND_PACKAGE_FREEZE_RECORD_v0.1.md,NON_CANONICAL_RESEARCH_CONTEXT,INCLUDED,Byte-verified historical/context artifact; not canonical frozen evidence.
research-context/additional-local/measurement-assurance/diagnosticity/prospective/PROSPECTIVE-DIAG-PROBE-01/BLIND_PACKAGE_FREEZE_RECORD_v0.1.md.sha256,NON_CANONICAL_RESEARCH_CONTEXT,INCLUDED,Byte-verified historical/context artifact; not canonical frozen evidence.
research-context/additional-local/measurement-assurance/diagnosticity/prospective/PROSPECTIVE-DIAG-PROBE-01/D9_NEW_EVIDENCE_MAPPING_PLAN_v0.1.md,NON_CANONICAL_RESEARCH_CONTEXT,INCLUDED,Byte-verified historical/context artifact; not canonical frozen evidence.
research-context/additional-local/measurement-assurance/diagnosticity/prospective/PROSPECTIVE-DIAG-PROBE-01/D9_NEW_EVIDENCE_MAPPING_PLAN_v0.1.md.sha256,NON_CANONICAL_RESEARCH_CONTEXT,INCLUDED,Byte-verified historical/context artifact; not canonical frozen evidence.
research-context/additional-local/measurement-assurance/diagnosticity/prospective/PROSPECTIVE-DIAG-PROBE-01/D9_NEW_EVIDENCE_MAPPING_RESULT_v0.1.md,NON_CANONICAL_RESEARCH_CONTEXT,INCLUDED,Byte-verified historical/context artifact; not canonical frozen evidence.
research-context/additional-local/measurement-assurance/diagnosticity/prospective/PROSPECTIVE-DIAG-PROBE-01/D9_NEW_EVIDENCE_MAPPING_RESULT_v0.1.md.sha256,NON_CANONICAL_RESEARCH_CONTEXT,INCLUDED,Byte-verified historical/context artifact; not canonical frozen evidence.
research-context/additional-local/measurement-assurance/diagnosticity/prospective/PROSPECTIVE-DIAG-PROBE-01/FRIDA_BLIND_CLASSIFICATION_INSTRUCTION_v0.1.md,NON_CANONICAL_RESEARCH_CONTEXT,INCLUDED,Byte-verified historical/context artifact; not canonical frozen evidence.
research-context/additional-local/measurement-assurance/diagnosticity/prospective/PROSPECTIVE-DIAG-PROBE-01/FRIDA_BLIND_CLASSIFICATION_INSTRUCTION_v0.1.md.sha256,NON_CANONICAL_RESEARCH_CONTEXT,INCLUDED,Byte-verified historical/context artifact; not canonical frozen evidence.
research-context/additional-local/measurement-assurance/diagnosticity/prospective/PROSPECTIVE-DIAG-PROBE-01/FRIDA_BLIND_CLASSIFICATION_VERBATIM_SOURCE_v0.1.md,NON_CANONICAL_RESEARCH_CONTEXT,INCLUDED,Byte-verified historical/context artifact; not canonical frozen evidence.
research-context/additional-local/measurement-assurance/diagnosticity/prospective/PROSPECTIVE-DIAG-PROBE-01/FRIDA_BLIND_CLASSIFICATION_VERBATIM_SOURCE_v0.1.md.sha256,NON_CANONICAL_RESEARCH_CONTEXT,INCLUDED,Byte-verified historical/context artifact; not canonical frozen evidence.
research-context/additional-local/measurement-assurance/diagnosticity/prospective/PROSPECTIVE-DIAG-PROBE-01/FRIDA_BLIND_CLASSIFICATION_VERBATIM_SOURCE_v0.1_PROVENANCE.md,NON_CANONICAL_RESEARCH_CONTEXT,INCLUDED,Byte-verified historical/context artifact; not canonical frozen evidence.
research-context/additional-local/measurement-assurance/diagnosticity/prospective/PROSPECTIVE-DIAG-PROBE-01/FRIDA_BLIND_CLASSIFICATION_VERBATIM_SOURCE_v0.1_PROVENANCE.md.sha256,NON_CANONICAL_RESEARCH_CONTEXT,INCLUDED,Byte-verified historical/context artifact; not canonical frozen evidence.
research-context/additional-local/measurement-assurance/diagnosticity/prospective/PROSPECTIVE-DIAG-PROBE-01/FRIDA_VERBATIM_SOURCE_PROVENANCE_HISTORY_v0.1.md,NON_CANONICAL_RESEARCH_CONTEXT,INCLUDED,Byte-verified historical/context artifact; not canonical frozen evidence.
research-context/additional-local/measurement-assurance/diagnosticity/prospective/PROSPECTIVE-DIAG-PROBE-01/FRIDA_VERBATIM_SOURCE_PROVENANCE_HISTORY_v0.1.md.sha256,NON_CANONICAL_RESEARCH_CONTEXT,INCLUDED,Byte-verified historical/context artifact; not canonical frozen evidence.
research-context/additional-local/measurement-assurance/diagnosticity/prospective/PROSPECTIVE-DIAG-PROBE-01/PREREGISTRATION_CLARIFICATION_01_v0.1.md,NON_CANONICAL_RESEARCH_CONTEXT,INCLUDED,Byte-verified historical/context artifact; not canonical frozen evidence.
research-context/additional-local/measurement-assurance/diagnosticity/prospective/PROSPECTIVE-DIAG-PROBE-01/PREREGISTRATION_CLARIFICATION_01_v0.1.md.sha256,NON_CANONICAL_RESEARCH_CONTEXT,INCLUDED,Byte-verified historical/context artifact; not canonical frozen evidence.
research-context/additional-local/measurement-assurance/diagnosticity/prospective/PROSPECTIVE-DIAG-PROBE-01/PRE_FIXTURE_FREEZE_RECORD_v0.1.md,NON_CANONICAL_RESEARCH_CONTEXT,INCLUDED,Byte-verified historical/context artifact; not canonical frozen evidence.
research-context/additional-local/measurement-assurance/diagnosticity/prospective/PROSPECTIVE-DIAG-PROBE-01/PRE_FIXTURE_FREEZE_RECORD_v0.1.md.sha256,NON_CANONICAL_RESEARCH_CONTEXT,INCLUDED,Byte-verified historical/context artifact; not canonical frozen evidence.
research-context/additional-local/measurement-assurance/diagnosticity/prospective/PROSPECTIVE-DIAG-PROBE-01/PRE_FRIDA_MECHANICAL_FIXTURE_AUDIT_PROTOCOL_v0.1.md,NON_CANONICAL_RESEARCH_CONTEXT,INCLUDED,Byte-verified historical/context artifact; not canonical frozen evidence.
research-context/additional-local/measurement-assurance/diagnosticity/prospective/PROSPECTIVE-DIAG-PROBE-01/PRE_FRIDA_MECHANICAL_FIXTURE_AUDIT_PROTOCOL_v0.1.md.sha256,NON_CANONICAL_RESEARCH_CONTEXT,INCLUDED,Byte-verified historical/context artifact; not canonical frozen evidence.
research-context/additional-local/measurement-assurance/diagnosticity/prospective/PROSPECTIVE-DIAG-PROBE-01/PRE_FRIDA_MECHANICAL_FIXTURE_AUDIT_RESULT_v0.1.md,NON_CANONICAL_RESEARCH_CONTEXT,INCLUDED,Byte-verified historical/context artifact; not canonical frozen evidence.
research-context/additional-local/measurement-assurance/diagnosticity/prospective/PROSPECTIVE-DIAG-PROBE-01/PRE_FRIDA_MECHANICAL_FIXTURE_AUDIT_RESULT_v0.1.md.sha256,NON_CANONICAL_RESEARCH_CONTEXT,INCLUDED,Byte-verified historical/context artifact; not canonical frozen evidence.
research-context/additional-local/measurement-assurance/diagnosticity/prospective/PROSPECTIVE-DIAG-PROBE-01/PROSPECTIVE_DIAG_PROBE_01_PREREGISTRATION_v0.1.md,NON_CANONICAL_RESEARCH_CONTEXT,INCLUDED,Byte-verified historical/context artifact; not canonical frozen evidence.
research-context/additional-local/measurement-assurance/diagnosticity/prospective/PROSPECTIVE-DIAG-PROBE-01/PROSPECTIVE_DIAG_PROBE_01_PREREGISTRATION_v0.1.md.sha256,NON_CANONICAL_RESEARCH_CONTEXT,INCLUDED,Byte-verified historical/context artifact; not canonical frozen evidence.
research-context/additional-local/measurement-assurance/diagnosticity/prospective/PROSPECTIVE-DIAG-PROBE-01/PROSPECTIVE_DIAG_PROBE_01_PRIMARY_RESULT_v0.1.md,NON_CANONICAL_RESEARCH_CONTEXT,INCLUDED,Byte-verified historical/context artifact; not canonical frozen evidence.
research-context/additional-local/measurement-assurance/diagnosticity/prospective/PROSPECTIVE-DIAG-PROBE-01/PROSPECTIVE_DIAG_PROBE_01_PRIMARY_RESULT_v0.1.md.sha256,NON_CANONICAL_RESEARCH_CONTEXT,INCLUDED,Byte-verified historical/context artifact; not canonical frozen evidence.
research-context/additional-local/measurement-assurance/diagnosticity/prospective/PROSPECTIVE-DIAG-PROBE-01/SONNET_FIXTURE_FREEZE_MANIFEST_v0.1.md,NON_CANONICAL_RESEARCH_CONTEXT,INCLUDED,Byte-verified historical/context artifact; not canonical frozen evidence.
research-context/additional-local/measurement-assurance/diagnosticity/prospective/PROSPECTIVE-DIAG-PROBE-01/SONNET_FIXTURE_FREEZE_MANIFEST_v0.1.md.sha256,NON_CANONICAL_RESEARCH_CONTEXT,INCLUDED,Byte-verified historical/context artifact; not canonical frozen evidence.
research-context/additional-local/measurement-assurance/diagnosticity/prospective/PROSPECTIVE-DIAG-PROBE-01/blind-package/PROSPECTIVE-DIAG-PROBE-01_FRIDA_BLIND_PACKAGE.zip,NON_CANONICAL_RESEARCH_CONTEXT,INCLUDED,Byte-verified historical/context artifact; not canonical frozen evidence.
research-context/additional-local/measurement-assurance/diagnosticity/prospective/PROSPECTIVE-DIAG-PROBE-01/blind-package/PROSPECTIVE-DIAG-PROBE-01_FRIDA_BLIND_PACKAGE.zip.sha256,NON_CANONICAL_RESEARCH_CONTEXT,INCLUDED,Byte-verified historical/context artifact; not canonical frozen evidence.
research-context/additional-local/measurement-assurance/diagnosticity/prospective/PROSPECTIVE-DIAG-PROBE-01/blind-package/PROSPECTIVE-DIAG-PROBE-01_FRIDA_BLIND_PACKAGE/CASE_X.md,NON_CANONICAL_RESEARCH_CONTEXT,INCLUDED,Byte-verified historical/context artifact; not canonical frozen evidence.
research-context/additional-local/measurement-assurance/diagnosticity/prospective/PROSPECTIVE-DIAG-PROBE-01/blind-package/PROSPECTIVE-DIAG-PROBE-01_FRIDA_BLIND_PACKAGE/CASE_Y.md,NON_CANONICAL_RESEARCH_CONTEXT,INCLUDED,Byte-verified historical/context artifact; not canonical frozen evidence.
research-context/additional-local/measurement-assurance/diagnosticity/prospective/PROSPECTIVE-DIAG-PROBE-01/blind-package/PROSPECTIVE-DIAG-PROBE-01_FRIDA_BLIND_PACKAGE/FRIDA_BLIND_CLASSIFICATION_INSTRUCTION_v0.1.md,NON_CANONICAL_RESEARCH_CONTEXT,INCLUDED,Byte-verified historical/context artifact; not canonical frozen evidence.
research-context/additional-local/measurement-assurance/diagnosticity/prospective/PROSPECTIVE-DIAG-PROBE-01/fixtures/CASE_X.md,NON_CANONICAL_RESEARCH_CONTEXT,INCLUDED,Byte-verified historical/context artifact; not canonical frozen evidence.
research-context/additional-local/measurement-assurance/diagnosticity/prospective/PROSPECTIVE-DIAG-PROBE-01/fixtures/CASE_X.md.sha256,NON_CANONICAL_RESEARCH_CONTEXT,INCLUDED,Byte-verified historical/context artifact; not canonical frozen evidence.
research-context/additional-local/measurement-assurance/diagnosticity/prospective/PROSPECTIVE-DIAG-PROBE-01/fixtures/CASE_Y.md,NON_CANONICAL_RESEARCH_CONTEXT,INCLUDED,Byte-verified historical/context artifact; not canonical frozen evidence.
research-context/additional-local/measurement-assurance/diagnosticity/prospective/PROSPECTIVE-DIAG-PROBE-01/fixtures/CASE_Y.md.sha256,NON_CANONICAL_RESEARCH_CONTEXT,INCLUDED,Byte-verified historical/context artifact; not canonical frozen evidence.
research-context/additional-local/measurement-assurance/diagnosticity/prospective/PROSPECTIVE-DIAG-PROBE-01/fixtures/SONNET_FIXTURE_PAIR_ORIGINAL.txt,NON_CANONICAL_RESEARCH_CONTEXT,INCLUDED,Byte-verified historical/context artifact; not canonical frozen evidence.
research-context/additional-local/measurement-assurance/diagnosticity/prospective/PROSPECTIVE-DIAG-PROBE-01/fixtures/SONNET_FIXTURE_PAIR_ORIGINAL.txt.sha256,NON_CANONICAL_RESEARCH_CONTEXT,INCLUDED,Byte-verified historical/context artifact; not canonical frozen evidence.
research-context/additional-local/measurement-assurance/diagnosticity/transfer/FRIDA_AICOS_FULL_RESEARCH_HANDOFF_MANIFEST_v0.1.md,NON_CANONICAL_RESEARCH_CONTEXT,INCLUDED,Byte-verified historical/context artifact; not canonical frozen evidence.
research-context/additional-local/measurement-assurance/diagnosticity/transfer/FRIDA_AICOS_FULL_RESEARCH_HANDOFF_MANIFEST_v0.1.md.sha256,NON_CANONICAL_RESEARCH_CONTEXT,INCLUDED,Byte-verified historical/context artifact; not canonical frozen evidence.
research-context/additional-local/measurement-assurance/diagnosticity/transfer/FRIDA_PRE_TRANSFER_IN_SCOPE_TEST_DESIGN_BRIEF_v0.1.md,NON_CANONICAL_RESEARCH_CONTEXT,INCLUDED,Byte-verified historical/context artifact; not canonical frozen evidence.
research-context/additional-local/measurement-assurance/diagnosticity/transfer/FRIDA_PRE_TRANSFER_IN_SCOPE_TEST_DESIGN_BRIEF_v0.1.md.sha256,NON_CANONICAL_RESEARCH_CONTEXT,INCLUDED,Byte-verified historical/context artifact; not canonical frozen evidence.
research-context/additional-local/measurement-assurance/independent-testing/AICOS_BLACK_BOX_ADVERSARIAL_TEST_SUITE_v0.1.md,NON_CANONICAL_RESEARCH_CONTEXT,INCLUDED,Byte-verified historical/context artifact; not canonical frozen evidence.
runtime-provenance/README.md,HANDOFF_INDEX_RESEARCH_NOTE,INCLUDED,"Repository guide, inventory, provenance, publication review, or research-note artifact."
runtime-provenance/RUNTIME_BUNDLE_HASHES.csv,HANDOFF_INDEX_RESEARCH_NOTE,INCLUDED,"Repository guide, inventory, provenance, publication review, or research-note artifact."
